gene_name,scores,logfoldchanges,pvals,pvals_adj,pct_nz_group,pvals_adj_weighted,logfoldchanges_abs,significance,rank
SYNC,3.057410717,1.02510488,0.002232582186,0.0330558356,0.2422258592,0.1051798368,1.02510488,Upregulated,1.517925958
HIST2H2AC,3.0740273,1.042171955,0.002111900272,0.03175326161,0.2536824877,0.1010351974,1.042171955,Upregulated,1.561394173
RMRP,3.075156689,1.783380747,0.002103919767,0.03165661714,0.1718494272,0.1007276859,1.783380747,Upregulated,2.674242733
FKBP15,-3.086288452,-1.013796449,0.002026721742,0.03079046413,0.1260229133,0.09797168742,1.013796449,Downregulated,1.532438252
GPR65,-3.092822075,-1.064074755,0.001982629204,0.0301880838,0.1309328969,0.09605498303,1.064074755,Downregulated,1.617568618
PLK3,-3.099194527,-1.275646687,0.001940475166,0.02972382246,0.06710310966,0.09457775725,1.275646687,Downregulated,1.947778983
SNORD3A,3.142107964,1.143673778,0.001677362126,0.02632645036,0.2569558101,0.08376771309,1.143673778,Upregulated,1.806555898
ZSCAN9,-3.181472063,-1.153952837,0.001465287038,0.023486063,0.09983633388,0.07472992978,1.153952837,Downregulated,1.880008167
NR3C2,-3.203251362,-1.066871881,0.001358853655,0.02211038175,0.1325695581,0.07035267152,1.066871881,Downregulated,1.766103723
RP4-613B23.1,3.219384193,1.271053553,0.001284662884,0.02102063153,0.2389525368,0.06688521267,1.271053553,Upregulated,2.132007066
COL4A3,-3.225272655,-1.08872807,0.001258527892,0.02062609861,0.09819967267,0.06562985465,1.08872807,Downregulated,1.835141429
GANC,-3.278591633,-1.30815196,0.0010432653,0.01752066963,0.116202946,0.05574873964,1.30815196,Downregulated,2.297702594
RP11-575L7.8,3.323037386,1.772589207,0.0008904296731,0.01543714301,0.1800327332,0.04911919946,1.772589207,Upregulated,3.210926713
CHL1,-3.337718248,-1.255629897,0.0008446934328,0.01476981965,0.09165302782,0.04699585389,1.255629897,Downregulated,2.298587239
VPREB3,3.375307798,1.591860652,0.000737331882,0.01319817595,0.1898527005,0.04199506586,1.591860652,Upregulated,2.991879946
IFI44L,-3.408944607,-1.685510159,0.0006521470525,0.01196757345,0.05073649755,0.03807943136,1.685510159,Downregulated,3.23954024
RP11-204L24.2,3.43064332,2.296868086,0.000602151816,0.01120134236,0.1538461538,0.03564137284,2.296868086,Upregulated,4.480569318
ASTN2,3.444920778,1.629118562,0.0005712266334,0.01070419908,0.1947626841,0.03405952057,1.629118562,Upregulated,3.210089864
IFNG-AS1,-3.470249414,-1.62494266,0.0005199753629,0.009935574227,0.05564648118,0.03161384538,1.62494266,Downregulated,3.25444658
RP5-956O18.2,3.477347851,2.650774956,0.0005064004461,0.009703470202,0.1391162029,0.03087531728,2.650774956,Upregulated,5.33620329
AL928768.3,-3.477831841,-1.108776331,0.0005054870209,0.009700915839,0.116202946,0.0308671896,1.108776331,Downregulated,2.232174387
USP3-AS1,3.551074743,1.05917573,0.0003836613941,0.007716455859,0.2978723404,0.024552868,1.05917573,Upregulated,2.237595713
ZNF780B,-3.570676088,-1.10774219,0.0003560609078,0.007295849033,0.1374795417,0.02321454584,1.10774219,Downregulated,2.367161051
ZNF224,-3.603506327,-1.09247005,0.000313952977,0.006575197374,0.1211129296,0.0209215158,1.09247005,Downregulated,2.383869289
RP5-857K21.4,3.621171951,2.015716314,0.0002932716058,0.006189056383,0.1865793781,0.01969285993,2.015716314,Upregulated,4.451458646
NHLRC3,-3.632868052,-1.085403323,0.0002802882532,0.00594828746,0.124386252,0.01892676113,1.085403323,Downregulated,2.415682375
GPR18,-3.639966488,-1.01972723,0.0002726734143,0.005830974503,0.1423895254,0.0185534849,1.01972723,Downregulated,2.278334596
TTC13,-3.702884674,-1.289406896,0.0002131618796,0.004770520747,0.09819967267,0.01517924398,1.289406896,Downregulated,2.99327328
AC026202.3,3.745636463,1.121912837,0.000179936949,0.004109444074,0.3027823241,0.01307577465,1.121912837,Upregulated,2.677127401
GRK6,-3.782258034,-1.312238336,0.0001554121387,0.003633649867,0.116202946,0.01156185264,1.312238336,Downregulated,3.20141134
SYNJ2BP,-3.837916136,-1.082085371,0.0001240827867,0.003040624827,0.1391162029,0.009674915708,1.082085371,Downregulated,2.723649092
ZNF397,-3.843159437,-1.252826452,0.0001214605186,0.002983538619,0.1112929624,0.009493274013,1.252826452,Downregulated,3.163722971
SERPINB2,3.947942019,1.967697024,0.00007882587827,0.0020630321,0.1947626841,0.006564328981,1.967697024,Upregulated,5.284238581
XAF1,-4.019087791,-1.17666328,0.00005842390582,0.001592441968,0.1129296236,0.005066965734,1.17666328,Downregulated,3.292229003
SLAMF6,-4.205260277,-1.255594373,0.00002607816551,0.0007847507892,0.1194762684,0.002496986037,1.255594373,Downregulated,3.898957327
RP11-452H21.1,4.248334885,1.239290833,0.00002153651014,0.0006583004029,0.3191489362,0.002094635567,1.239290833,Upregulated,3.942897823
LINC00936,-4.27188921,-1.00295639,0.00001938240607,0.0005987401439,0.1734860884,0.001905121728,1.00295639,Downregulated,3.232289364
OXNAD1,4.382237434,1.141764402,0.00001174666794,0.0003894163674,0.3387888707,0.001239077737,1.141764402,Upregulated,3.892943692
ROR1,4.426844597,1.049219012,0.000009562152845,0.0003265547273,0.3502454992,0.001039059286,1.049219012,Upregulated,3.657623668
ANKRD36,-4.569700718,-1.132354379,0.00000488421058,0.0001794221357,0.1407528642,0.0005709004359,1.132354379,Downregulated,4.24193989
CTB-133G6.1,-4.60132122,-1.633888721,0.000004198196601,0.0001579203548,0.09001636661,0.0005024842617,1.633888721,Downregulated,6.211329094
FCER2,-4.635603428,-1.3871876,0.000003558978851,0.0001371653323,0.1047463175,0.0004364441863,1.3871876,Downregulated,5.358366726
SLC25A25,-4.667707443,-1.153287172,0.000003045788907,0.0001196484474,0.1538461538,0.0003807074893,1.153287172,Downregulated,4.523299468
AP000487.6,4.743128777,1.108938813,0.000002104426364,0.00008615470823,0.3813420622,0.0002741342939,1.108938813,Upregulated,4.507526864
PLAGL1,-4.785719395,-1.120533347,0.000001703761386,0.00007221681316,0.2160392799,0.0002297855276,1.120533347,Downregulated,4.640533865
SNED1,-4.933092594,-1.05798614,0.0000008093781947,0.00003733394261,0.2291325696,0.0001187922774,1.05798614,Downregulated,4.684652751
LINC01138,-4.938981056,-1.758367896,0.0000007853189007,0.00003638882215,0.07037643208,0.0001157850136,1.758367896,Downregulated,7.805451361
SLAMF7,4.992784023,1.241889,0.0000005951514476,0.00002841673938,0.3469721768,0.00009041877042,1.241889,Upregulated,5.646156135
RN7SL1,5.000769615,1.509408355,0.0000005710191304,0.00002765305946,0.3158756137,0.00008798882944,1.509408355,Upregulated,6.880270916
KYNU,-5.017305851,-1.130651951,0.0000005240113815,0.0000256200097,0.1833060556,0.00008151990081,1.130651951,Downregulated,5.191298783
AC018890.6,5.020532131,1.000960469,0.0000005152848054,0.00002537590969,0.4451718494,0.00008074320287,1.000960469,Upregulated,4.599992292
BIN3,-5.071108818,-1.085951447,0.0000003955047875,0.00002015887902,0.1865793781,0.00006414321607,1.085951447,Downregulated,5.099121533
NEDD9,-5.159839153,-1.001289725,0.0000002471620582,0.00001305473622,0.2340425532,0.00004153865725,1.001289725,Downregulated,4.890531216
CTD-2544N14.3,5.189684868,2.442542791,0.0000002106502485,0.00001135632978,0.2258592471,0.00003613452484,2.442542791,Upregulated,12.07779279
TINF2,-5.189281464,-1.131779552,0.000000211106974,0.00001135632978,0.1898527005,0.00003613452484,1.131779552,Downregulated,5.596380524
NHLRC2,-5.222676277,-1.295610666,0.0000001763553276,0.000009691462048,0.1538461538,0.00003083710873,1.295610666,Downregulated,6.4956875
TRAF4,-5.285513878,-1.137758136,0.0000001253524092,0.000007040454323,0.1931260229,0.00002240190948,1.137758136,Downregulated,5.862184239
ZNF318,-5.634305477,-1.133752942,0.00000001757654082,0.000001198496703,0.209492635,0.00000381347757,1.133752942,Downregulated,6.7133629
ANKUB1,5.700449944,1.293964744,0.00000001194916864,0.0000008488489555,0.4042553191,0.000002700938971,1.293964744,Upregulated,7.855879391
RP11-638I2.8,5.704402447,1.391706109,0.00000001167519782,0.0000008356023628,0.3895253682,0.000002658789849,1.391706109,Upregulated,8.458790205
DOK3,-5.739975452,-1.396298409,0.00000000946903925,0.0000006969486362,0.1603927987,0.000002217609765,1.396298409,Downregulated,8.596728963
TRAF3IP3,-5.865569115,-1.145820975,0.000000004475944994,0.0000003509829482,0.2193126023,0.000001116787053,1.145820975,Downregulated,7.395946671
KHDRBS2,-5.903078079,-1.072579622,0.00000000356781456,0.0000002875122658,0.2765957447,0.0000009148306992,1.072579622,Downregulated,7.016111872
LONRF1,-5.925341129,-1.172556281,0.000000003116494337,0.0000002531437711,0.2127659574,0.0000008054741332,1.172556281,Downregulated,7.73492317
CTD-2023M8.1,-5.935182095,-1.517820001,0.000000002935191469,0.0000002422780715,0.1423895254,0.0000007709007369,1.517820001,Downregulated,10.04142036
WDR74,5.963898659,1.011872172,0.000000002462894182,0.0000002074937462,0.5482815057,0.0000006602210463,1.011872172,Upregulated,6.762336657
PTPN6,-6.033431053,-1.192528844,0.000000001605143818,0.0000001375028242,0.2274959083,0.0000004375180462,1.192528844,Downregulated,8.182761313
COL19A1,-6.046337605,-1.316038728,0.00000000148175611,0.0000001285533769,0.2029459902,0.0000004090419424,1.316038728,Downregulated,9.068712998
ST8SIA4,-6.109013557,-1.044863939,0.000000001002489072,0.00000008964362807,0.271685761,0.0000002852356324,1.044863939,Downregulated,7.363658316
CXCL5,6.149345398,2.706853151,0.0000000007780335787,0.00000007177623802,0.2520458265,0.0000002283836685,2.706853151,Upregulated,19.33781118
MYO1E,-6.352215767,-1.006446838,0.0000000002122355603,0.00000002207682961,0.3747954173,0.0000000702459125,1.006446838,Downregulated,7.705420697
TLR10,-6.427556038,-1.169351578,0.0000000001296719531,0.00000001413771005,0.2029459902,0.00000004498455443,1.169351578,Downregulated,9.178966619
IFIH1,-6.533710003,-1.370730877,0,0.000000007227063367,0.1914893617,0.00000002299567782,1.370730877,Downregulated,11.15917235
IL1B,6.627360821,2.672094107,0,0.00000000412273922,0.2749590835,0.00000001311807826,2.672094107,Upregulated,22.40501244
RASGRP3,-7.063350201,-1.334700227,0,0.000000000243659812,0.2454991817,0.0000000007752972749,1.334700227,Downregulated,12.8307617
NFKB2,-7.472397804,-1.545744777,0,0,0.1898527005,0,1.545744777,Downregulated,16.70522058
CD40,-7.60033083,-1.001918793,0,0,0.3895253682,0,1.001918793,Downregulated,11.22852811
PRKD2,-7.604444981,-1.109660625,0,0,0.3469721768,0,1.109660625,Downregulated,12.44632399
HDAC9,-7.619609833,-1.063933492,0,0,0.4173486088,0,1.063933492,Downregulated,11.98282407
RP11-703M24.5,7.70382309,1.148438811,0,0,0.6170212766,0,1.148438811,Upregulated,13.24025063
LTB,-7.846517563,-1.07254982,0,0,0.3862520458,0,1.07254982,Downregulated,12.86409322
CD22,-8.547327042,-1.034240484,0,0,0.4680851064,0,1.034240484,Downregulated,14.92326438
STAP1,-8.817148209,-1.312612414,0,0,0.3289689034,0,1.312612414,Downregulated,20.26733812
UTRN,-8.898296356,-1.004567623,0,0,0.535188216,0,1.004567623,Downregulated,15.81505221
IQCB1,-8.912090302,-1.052765846,0,0,0.4975450082,0,1.052765846,Downregulated,16.61618039
PHACTR1,-8.999610901,-1.155967712,0,0,0.4042553191,0,1.155967712,Downregulated,18.63518173
MARCH1,-9.170941353,-1.359389186,0,0,0.379705401,0,1.359389186,Downregulated,22.80431599
LRMP,-9.247571945,-1.007493734,0,0,0.6448445172,0,1.007493734,Downregulated,17.16480141
BCL11A,-9.344046593,-1.183616757,0,0,0.4500818331,0,1.183616757,Downregulated,20.61107853
CROCC,9.623547554,1.468519211,0,0,0.6186579378,0,1.468519211,Upregulated,27.19791918
PTPRCAP,-9.963869095,-1.031337738,0,0,0.6006546645,0,1.031337738,Downregulated,20.56543193
MEF2C,-10.52335548,-1.039276361,0,0,0.7479541735,0,1.039276361,Downregulated,23.21629191
IKZF3,-10.82148933,-1.088711381,0,0,0.6301145663,0,1.088711381,Downregulated,25.77037232
MTRNR2L2,10.82568455,2.450839758,0,0,0.4926350245,0,2.450839758,Upregulated,58.01965183
ST6GAL1,-11.06969261,-1.000746965,0,0,0.7659574468,0,1.000746965,Downregulated,24.8060445
KIAA0922,-11.1092186,-1.08456111,0,0,0.674304419,0,1.08456111,Downregulated,27.06978552
SP140,-12.76678467,-1.253562093,0,0,0.6317512275,0,1.253562093,Downregulated,41.7834612
HLA-DQA1,-13.23334599,-1.233732462,0,0,0.7152209493,0,1.233732462,Downregulated,44.28381447
7SK.2,14.26802349,2.004884005,0,0,0.736497545,0,2.004884005,Upregulated,84.19777127
MTRNR2L12,23.0847683,1.690989375,0,0,0.9918166939,0,1.690989375,Upregulated,84.54946876
MT-ATP8,22.23456955,1.845915198,0,0,0.9427168576,0,1.845915198,Upregulated,92.29575992
AC016831.7,15.67262745,1.561501622,0,0,0.8625204583,0,1.561501622,Upregulated,78.07508111
IL8,17.70132828,2.704202414,0,0,0.7610474632,0,2.704202414,Upregulated,135.2101207